<?xml version="1.0" encoding="UTF-8" standalone="yes"?>
<implset version="1" xmlns="http://www.digitalmasterpieces.com/schema/implset">
  <implementations>
    <target api="OpenGLES" apiExtensions="GL_EXT_color_buffer_half_float" apiVersion="3.0">
      <impl uri="default/pencilhatching/implementation/pencilhatching-opengles_3_0/1/pencilhatching.fxeffect.impl.xml"/>
    </target>
    <target api="OpenGLES" apiVersion="2.0">
      <impl uri="default/pencilhatching/implementation/pencilhatching-opengles_2_0/1/pencilhatching.fxeffect.impl.xml"/>
    </target>
  </implementations>
</implset>
