<?xml version="1.0" encoding="UTF-8" standalone="yes"?>
<effectdef icon="default/common/common/icon/1/void.png"
  implset="default/pencilhatching/implementationset/pencilhatching/1/pencilhatching.implset.xml"
  name="Pencil Hatching" version="2" xmlns="http://www.digitalmasterpieces.com/schema/effectdef">
  <requirements>
    <!-- Declare the usage of another asset-->
    <directory uri="default/common/common/icon/1"/>
  </requirements>
  <brushes>
    <paintingbrush
      description="default/pencilhatching/common/strings/1/@locale/strings.res.xml:brush_default" id="default">
      <frompreset>DefaultPaintingBrush</frompreset>
    </paintingbrush>
    <paintingbrush
      description="default/pencilhatching/common/strings/1/@locale/strings.res.xml:brush_strong" id="strong">
      <frompreset>StrongPaintingBrush</frompreset>
    </paintingbrush>
    <paintingbrush
      description="default/pencilhatching/common/strings/1/@locale/strings.res.xml:brush_large" id="large">
      <frompreset>LargePaintingBrush</frompreset>
    </paintingbrush>
    <paintingbrush
      description="default/pencilhatching/common/strings/1/@locale/strings.res.xml:brush_sharp" id="sharp">
      <frompreset>SharpPaintingBrush</frompreset>
    </paintingbrush>
    <paintingbrush
      description="default/pencilhatching/common/strings/1/@locale/strings.res.xml:brush_sharpLarge" id="sharpLarge">
      <frompreset>SharpPaintingBrush</frompreset>
      <mainstrokewidth>300</mainstrokewidth>
    </paintingbrush>
    <directionbrush
      description="default/pencilhatching/common/strings/1/@locale/strings.res.xml:brush_smallDirection" id="smallDirection">
      <frompreset>SmallDirectionBrush</frompreset>
    </directionbrush>
    <directionbrush
      description="default/pencilhatching/common/strings/1/@locale/strings.res.xml:brush_normalDirection" id="normalDirection">
      <frompreset>DefaultDirectionBrush</frompreset>
    </directionbrush>
    <directionbrush
      description="default/pencilhatching/common/strings/1/@locale/strings.res.xml:brush_largeDirection" id="largeDirection">
      <frompreset>LargeDirectionBrush</frompreset>
    </directionbrush>
  </brushes>
  <parameters>
    <valueparameter
      description="default/pencilhatching/common/strings/1/@locale/strings.res.xml:vp_strokeGranularity"
      hidden="false"
      icon="default/pencilhatching/common/icon/1/parameter/zoom_texture.png"
      id="strokeGranularity" type="float">
      <!-- The granularity of strokes produced by tonal art maps. -->
      <default>0.2</default>
      <minrange>0.05</minrange>
      <maxrange>0.3</maxrange>
      <step>0.01</step>
    </valueparameter>
    <valueparameter
      description="default/pencilhatching/common/strings/1/@locale/strings.res.xml:vp_colorize"
      hidden="false"
      icon="default/pencilhatching/common/icon/1/parameter/color_2.png"
      id="colorize" type="bool">
      <!-- The boolean flag indicating whether the picture should be black and white (false) or have colorful strokes (true). -->
      <default>true</default>
      <minrange>true</minrange>
      <maxrange>false</maxrange>
      <step>true</step>
    </valueparameter>
    <valueparameter description="Luminance of colorized Strokes"
      hidden="true"
      icon="default/pencilhatching/common/icon/1/parameter/color_luminance_2.png"
      id="luminanceOfColorizedStrokes" type="float">
      <!-- The luminance of tonal art maps if colorize = true. -->
      <default>0.35</default>
      <minrange>0.0</minrange>
      <maxrange>1.0</maxrange>
      <step>0.01</step>
    </valueparameter>
    <valueparameter description="Contour Brightness" hidden="true"
      icon="default/pencilhatching/common/icon/1/parameter/contour_brightness.png"
      id="contourBrightness" type="float">
      <!-- The luminance of contours. -->
      <default>0.2</default>
      <minrange>0.0</minrange>
      <maxrange>1.0</maxrange>
      <step>0.01</step>
    </valueparameter>
    <paintingvalueparameter
      description="default/pencilhatching/common/strings/1/@locale/strings.res.xml:vp_strokeWidth"
      hidden="false"
      icon="default/pencilhatching/common/icon/1/parameter/stroke_width.png"
      id="strokeWidth" type="float">
      <!-- The thickness of strokes in the tonal art maps and the contours. -->
      <brushes>
        <brush>default</brush>
        <brush>large</brush>
        <defaultbrush>strong</defaultbrush>
      </brushes>
      <default>1.0</default>
      <minrange>1.0</minrange>
      <maxrange>4.0</maxrange>
      <step>0.01</step>
    </paintingvalueparameter>
    <valueparameter description="Contour Details" hidden="true"
      icon="default/pencilhatching/common/icon/1/parameter/details.png"
      id="details" type="float">
      <!-- The degree of acuteness of the contours. Higher values result in many fine contours. -->
      <default>3.0</default>
      <minrange>1.5</minrange>
      <maxrange>3.0</maxrange>
      <step>0.01</step>
    </valueparameter>
    <paintingvalueparameter
      description="default/pencilhatching/common/strings/1/@locale/strings.res.xml:vp_contour"
      hidden="false"
      icon="default/pencilhatching/common/icon/1/parameter/contour.png"
      id="contour" type="float">
      <brushes>
        <brush>large</brush>
        <defaultbrush>strong</defaultbrush>
      </brushes>
      <!-- The degree of contours in the picture. Higher values result in more dominant contours. -->
      <default>2.0</default>
      <minrange>1.0</minrange>
      <maxrange>2.5</maxrange>
      <step>0.01</step>
    </paintingvalueparameter>
    <paintingvalueparameter
      description="default/pencilhatching/common/strings/1/@locale/strings.res.xml:vp_angleAccuracy"
      hidden="false"
      icon="default/pencilhatching/common/icon/1/parameter/angle_accuracy.png"
      id="angleAccuracy" type="float">
      <brushes>
        <brush>sharp</brush>
        <brush>sharpLarge</brush>
      </brushes>
      <!-- The degree of angle quantization. Smaller values result in round strokes. Higher values result in staccato strokes. -->
      <default>0.1</default>
      <minrange>0.01</minrange>
      <maxrange>0.5</maxrange>
      <step>0.01</step>
    </paintingvalueparameter>
    <valueparameter
      description="default/pencilhatching/common/strings/1/@locale/strings.res.xml:vp_angleFactor"
      hidden="true"
      icon="default/pencilhatching/common/icon/1/parameter/contour_max.png"
      id="angleFactor" type="float">
      <!-- Regulates the fuzziness of stroke rotation. Higher values result in fidgety strokes. -->
      <default>3.14</default>
      <minrange>0.1</minrange>
      <maxrange>10</maxrange>
      <step>0.01</step>
    </valueparameter>
    <directionvalueparameter
      description="default/pencilhatching/common/strings/1/@locale/strings.res.xml:vp_angleOffset"
      hidden="false"
      icon="default/pencilhatching/common/icon/1/parameter/angle_offset.png"
      id="angleOffset" type="float">
      <!-- Regulates a global rotation of the tonal art maps. -->
      <mask>tangentFlowMapMaskingTexture</mask>
      <maskbackgroundcolor>#FF7F7F00</maskbackgroundcolor>
      <brushes>
        <brush>smallDirection</brush>
        <defaultbrush>normalDirection</defaultbrush>
        <brush>largeDirection</brush>
      </brushes>
      <default>0.0</default>
      <minrange>-3.14</minrange>
      <maxrange>3.14</maxrange>
      <step>0.01</step>
    </directionvalueparameter>
    <valueparameter description="TAMTexture1" hidden="true"
      icon="default/pencilhatching/common/texture/1/tam0_0.png"
      id="TAMTexture0" type="sampler">
      <default>tam0_0</default>
      <minrange>tam0_0</minrange>
      <maxrange>tam0_0</maxrange>
      <step>tam0_0</step>
    </valueparameter>
    <valueparameter description="TAMTexture2" hidden="true"
      icon="default/pencilhatching/common/texture/1/tam0_1.png"
      id="TAMTexture1" type="sampler">
      <default>tam0_1</default>
      <minrange>tam0_1</minrange>
      <maxrange>tam0_1</maxrange>
      <step>tam0_1</step>
    </valueparameter>
    <valueparameter description="TAMTexture3" hidden="true"
      icon="default/pencilhatching/common/texture/1/tam0_2.png"
      id="TAMTexture2" type="sampler">
      <default>tam0_2</default>
      <minrange>tam0_2</minrange>
      <maxrange>tam0_2</maxrange>
      <step>tam0_2</step>
    </valueparameter>
    <valueparameter description="TAMTexture4" hidden="true"
      icon="default/pencilhatching/common/texture/1/tam0_3.png"
      id="TAMTexture3" type="sampler">
      <default>tam0_3</default>
      <minrange>tam0_3</minrange>
      <maxrange>tam0_3</maxrange>
      <step>tam0_3</step>
    </valueparameter>
    <valueparameter description="TAMTexture5" hidden="true"
      icon="default/pencilhatching/common/texture/1/tam0_4.png"
      id="TAMTexture4" type="sampler">
      <default>tam0_4</default>
      <minrange>tam0_4</minrange>
      <maxrange>tam0_4</maxrange>
      <step>tam0_4</step>
    </valueparameter>
    <valueparameter description="TAMTexture6" hidden="true"
      icon="default/pencilhatching/common/texture/1/tam0_5.png"
      id="TAMTexture5" type="sampler">
      <default>tam0_5</default>
      <minrange>tam0_5</minrange>
      <maxrange>tam0_5</maxrange>
      <step>tam0_5</step>
    </valueparameter>
    <paintingvalueparameter
      description="default/pencilhatching/common/strings/1/@locale/strings.res.xml:vp_brightness"
      hidden="false"
      icon="default/pencilhatching/common/icon/1/parameter/brightness.png"
      id="brightness" type="float">
      <brushes>
        <brush>default</brush>
        <brush>large</brush>
        <defaultbrush>strong</defaultbrush>
      </brushes>
      <!-- Regulates the global brightness in the picture by adjusting thresholds of tonal art maps.-->
      <default>0.1</default>
      <minrange>-0.2</minrange>
      <maxrange>0.3</maxrange>
      <step>0.01</step>
    </paintingvalueparameter>
    <paintingvalueparameter
      description="default/pencilhatching/common/strings/1/@locale/strings.res.xml:vp_contrast"
      hidden="false"
      icon="default/pencilhatching/common/icon/1/parameter/contrast.png"
      id="contrast" type="float">
      <!-- The contrast for thresholds of tonal art maps. -->
      <brushes>
        <brush>default</brush>
        <brush>large</brush>
        <defaultbrush>strong</defaultbrush>
      </brushes>
      <default>0.2</default>
      <minrange>-1.0</minrange>
      <maxrange>1.0</maxrange>
    </paintingvalueparameter>
    <valueparameter description="Mask Influence for Contours"
      hidden="true"
      icon="default/pencilhatching/common/icon/1/parameter/mask_contours.png"
      id="contourMaskInfluence" type="float">
      <!-- The influence of the vignette mask to contours. Higher values result in less contours in the outer parts. -->
      <default>1.0</default>
      <minrange>0.0</minrange>
      <maxrange>1.0</maxrange>
      <step>0.01</step>
    </valueparameter>
    <valueparameter description="Effect-specific image quality."
      hidden="true" icon="default/common/common/icon/1/void.png"
      id="QUALITY" type="float">
      <default>0.5</default>
      <minrange>0.25</minrange>
      <maxrange>1.0</maxrange>
      <step>0.01</step>
    </valueparameter>
  </parameters>
  <presets type="image">
    <preset
      icon="default/pencilhatching/common/icon/1/preset/default.png" id="default/pencilhatching/common/strings/1/@locale/strings.res.xml:preset_default">
      <!-- Colorful preset for main purpos of the effect. -->
      <parameter ref="strokeGranularity">0.2</parameter>
      <parameter ref="colorize">true</parameter>
      <parameter ref="luminanceOfColorizedStrokes">0.35</parameter>
      <parameter ref="contourBrightness">0.2</parameter>
      <parameter ref="contour">2.5</parameter>
      <parameter ref="details">2.0</parameter>
      <parameter ref="strokeWidth">1.0</parameter>
      <parameter ref="TAMTexture0">tam0_0</parameter>
      <parameter ref="TAMTexture1">tam0_1</parameter>
      <parameter ref="TAMTexture2">tam0_2</parameter>
      <parameter ref="TAMTexture3">tam0_3</parameter>
      <parameter ref="TAMTexture4">tam0_4</parameter>
      <parameter ref="TAMTexture5">tam0_5</parameter>
      <parameter ref="angleAccuracy">0.1</parameter>
      <parameter ref="angleFactor">1.0</parameter>
      <parameter ref="angleOffset">1.57</parameter>
      <parameter ref="brightness">0.1</parameter>
      <parameter ref="contrast">0.2</parameter>
      <parameter ref="contourMaskInfluence">1.0</parameter>
    </preset>
    <preset
      icon="default/pencilhatching/common/icon/1/preset/stumpy_pencil.png" id="default/pencilhatching/common/strings/1/@locale/strings.res.xml:preset_stumpy_pencil">
      <!-- Imitates the look of a black and white sketch drawn with a stumpy pencil by increasing strokeWidth. -->
      <parameter ref="strokeGranularity">0.23</parameter>
      <parameter ref="colorize">false</parameter>
      <parameter ref="luminanceOfColorizedStrokes">0.0</parameter>
      <parameter ref="contourBrightness">0.2</parameter>
      <parameter ref="contour">2.5</parameter>
      <parameter ref="details">1.7</parameter>
      <parameter ref="strokeWidth">4.0</parameter>
      <parameter ref="TAMTexture0">tam1_0</parameter>
      <parameter ref="TAMTexture1">tam1_1</parameter>
      <parameter ref="TAMTexture2">tam1_2</parameter>
      <parameter ref="TAMTexture3">tam1_3</parameter>
      <parameter ref="TAMTexture4">tam1_4</parameter>
      <parameter ref="TAMTexture5">tam1_5</parameter>
      <parameter ref="angleAccuracy">0.25</parameter>
      <parameter ref="angleFactor">3.14</parameter>
      <parameter ref="angleOffset">0.0</parameter>
      <parameter ref="brightness">0.1</parameter>
      <parameter ref="contrast">0.5</parameter>
      <parameter ref="contourMaskInfluence">1.0</parameter>
    </preset>
    <preset
      icon="default/pencilhatching/common/icon/1/preset/sharp_pencil.png" id="default/pencilhatching/common/strings/1/@locale/strings.res.xml:preset_sharp_pencil">
      <!-- Imitates the look of a black and white sketch drawn with a sharp pencil width many contours. It works good for portraits. -->
      <parameter ref="strokeGranularity">0.20</parameter>
      <parameter ref="colorize">false</parameter>
      <parameter ref="luminanceOfColorizedStrokes">0.0</parameter>
      <parameter ref="contourBrightness">0.0</parameter>
      <parameter ref="contour">2.5</parameter>
      <parameter ref="details">1.7</parameter>
      <parameter ref="strokeWidth">1.0</parameter>
      <parameter ref="TAMTexture0">tam1_0</parameter>
      <parameter ref="TAMTexture1">tam1_1</parameter>
      <parameter ref="TAMTexture2">tam1_2</parameter>
      <parameter ref="TAMTexture3">tam1_3</parameter>
      <parameter ref="TAMTexture4">tam1_4</parameter>
      <parameter ref="TAMTexture5">tam1_5</parameter>
      <parameter ref="angleAccuracy">0.25</parameter>
      <parameter ref="angleFactor">3.14</parameter>
      <parameter ref="angleOffset">0.0</parameter>
      <parameter ref="brightness">0.1</parameter>
      <parameter ref="contrast">0.5</parameter>
      <parameter ref="contourMaskInfluence">1.0</parameter>
    </preset>
    <preset
      icon="default/pencilhatching/common/icon/1/preset/strong_bw.png" id="default/pencilhatching/common/strings/1/@locale/strings.res.xml:preset_strong_bw">
      <!-- Dark black and white sketch with dark vignette. -->
      <parameter ref="strokeGranularity">0.2</parameter>
      <parameter ref="colorize">false</parameter>
      <parameter ref="luminanceOfColorizedStrokes">0.0</parameter>
      <parameter ref="contourBrightness">0.0</parameter>
      <parameter ref="contour">2.5</parameter>
      <parameter ref="details">2.0</parameter>
      <parameter ref="strokeWidth">1.6</parameter>
      <parameter ref="TAMTexture0">tam0_0</parameter>
      <parameter ref="TAMTexture1">tam0_1</parameter>
      <parameter ref="TAMTexture2">tam0_2</parameter>
      <parameter ref="TAMTexture3">tam0_3</parameter>
      <parameter ref="TAMTexture4">tam0_4</parameter>
      <parameter ref="TAMTexture5">tam0_5</parameter>
      <parameter ref="angleAccuracy">0.3</parameter>
      <parameter ref="angleFactor">3.14</parameter>
      <parameter ref="angleOffset">0.0</parameter>
      <parameter ref="brightness">0.2</parameter>
      <parameter ref="contrast">0.4</parameter>
      <parameter ref="contourMaskInfluence">1.0</parameter>
    </preset>
    <preset
      icon="default/pencilhatching/common/icon/1/preset/lighten_bw.png" id="default/pencilhatching/common/strings/1/@locale/strings.res.xml:preset_lighten_bw">
      <!-- Bright black and white sketch with bright vignette and many contours. -->
      <parameter ref="strokeGranularity">0.2</parameter>
      <parameter ref="colorize">false</parameter>
      <parameter ref="luminanceOfColorizedStrokes">0.0</parameter>
      <parameter ref="contourBrightness">0.0</parameter>
      <parameter ref="contour">2.5</parameter>
      <parameter ref="details">2.5</parameter>
      <parameter ref="strokeWidth">1.0</parameter>
      <parameter ref="TAMTexture0">tam2_0</parameter>
      <parameter ref="TAMTexture1">tam2_1</parameter>
      <parameter ref="TAMTexture2">tam2_2</parameter>
      <parameter ref="TAMTexture3">tam2_3</parameter>
      <parameter ref="TAMTexture4">tam2_4</parameter>
      <parameter ref="TAMTexture5">tam2_5</parameter>
      <parameter ref="angleAccuracy">0.3</parameter>
      <parameter ref="angleFactor">3.14</parameter>
      <parameter ref="angleOffset">0.0</parameter>
      <parameter ref="brightness">0.25</parameter>
      <parameter ref="contrast">0.6</parameter>
      <parameter ref="contourMaskInfluence">1.0</parameter>
    </preset>
    <preset
      icon="default/pencilhatching/common/icon/1/preset/fine_liner.png" id="default/pencilhatching/common/strings/1/@locale/strings.res.xml:preset_fine_liner">
      <!-- Colorful sketch with black contours in the central parts. -->
      <parameter ref="strokeGranularity">0.2</parameter>
      <parameter ref="colorize">true</parameter>
      <parameter ref="luminanceOfColorizedStrokes">0.4</parameter>
      <parameter ref="contourBrightness">0.0</parameter>
      <parameter ref="contour">2.0</parameter>
      <parameter ref="details">2.3</parameter>
      <parameter ref="strokeWidth">1.0</parameter>
      <parameter ref="TAMTexture0">tam2_0</parameter>
      <parameter ref="TAMTexture1">tam2_1</parameter>
      <parameter ref="TAMTexture2">tam2_2</parameter>
      <parameter ref="TAMTexture3">tam2_3</parameter>
      <parameter ref="TAMTexture4">tam2_4</parameter>
      <parameter ref="TAMTexture5">tam2_5</parameter>
      <parameter ref="angleAccuracy">0.3</parameter>
      <parameter ref="angleFactor">3.14</parameter>
      <parameter ref="angleOffset">0.0</parameter>
      <parameter ref="brightness">0.0</parameter>
      <parameter ref="contrast">0.2</parameter>
      <parameter ref="contourMaskInfluence">1.0</parameter>
    </preset>
    <preset
      icon="default/pencilhatching/common/icon/1/preset/fine.png" id="default/pencilhatching/common/strings/1/@locale/strings.res.xml:preset_fine">
      <!-- Colorful bright sketch with smaller texture and detailed angleAccuracy for smooth strokes. -->
      <parameter ref="strokeGranularity">0.17</parameter>
      <parameter ref="colorize">true</parameter>
      <parameter ref="luminanceOfColorizedStrokes">0.5</parameter>
      <parameter ref="strokeWidth">1.0</parameter>
      <parameter ref="contourBrightness">0.35</parameter>
      <parameter ref="details">2.5</parameter>
      <parameter ref="contour">2.5</parameter>
      <parameter ref="TAMTexture0">tam0_0</parameter>
      <parameter ref="TAMTexture1">tam0_1</parameter>
      <parameter ref="TAMTexture2">tam0_2</parameter>
      <parameter ref="TAMTexture3">tam0_3</parameter>
      <parameter ref="TAMTexture4">tam0_4</parameter>
      <parameter ref="TAMTexture5">tam0_5</parameter>
      <parameter ref="angleAccuracy">0.15</parameter>
      <parameter ref="angleFactor">3.14</parameter>
      <parameter ref="angleOffset">0.0</parameter>
      <parameter ref="brightness">0.12</parameter>
      <parameter ref="contrast">0.3</parameter>
      <parameter ref="contourMaskInfluence">1.0</parameter>
    </preset>
  </presets>
</effectdef>
