<?xml version="1.0" encoding="UTF-8" standalone="yes"?>
<effectimpl xmlns="http://www.digitalmasterpieces.com/schema/effectimpl">
  <requirements>
    <directory uri="default/pencilhatching/implementation/fragments/1"/>
  </requirements>
  <targets>
    <target api="OpenGLES" apiVersion="2.0">
      <textures>
        <texture2d id="OUTPUTTEXTURE"/>
        <texture2d id="structureTensorTexture"/>
        <texture2d id="smoothStructureTensorTextureIntermediate"/>
        <texture2d id="smoothStructureTensorTexture"/>
        <texture2d id="tangentFlowMapTexture"/>
      </textures>
      <fragments>
        <fragment
          id="pencilhatching" source="default/pencilhatching/implementation/fragments/1/pencilhatching.fxfragment.xml">
          <fragmentinputs>
            <fragmentinput ref="input">INPUTTEXTURE</fragmentinput>
            <fragmentinput ref="structureTensorTexture">structureTensorTexture</fragmentinput>
            <fragmentinput ref="smoothStructureTensorTextureIntermediate">smoothStructureTensorTextureIntermediate</fragmentinput>
            <fragmentinput ref="smoothStructureTensorTexture">smoothStructureTensorTexture</fragmentinput>
            <fragmentinput ref="tangentFlowMapTexture">tangentFlowMapTexture</fragmentinput>
          </fragmentinputs>
          <fragmentoutputs>
            <fragmentoutput ref="output">OUTPUTTEXTURE</fragmentoutput>
          </fragmentoutputs>
        </fragment>
      </fragments>
      <controlflow>
        <control id="rendering">
          <control inFragment="pencilhatching" ref="rendering"/>
        </control>
      </controlflow>
    </target>
  </targets>
</effectimpl>
