<?xml version="1.0" encoding="UTF-8" standalone="yes"?>
<effectimpl xmlns="http://www.digitalmasterpieces.com/schema/effectimpl">
  <requirements>
    <directory uri="default/pencilhatching/implementation/fragments/1"/>
  </requirements>
  <targets>
    <target api="OpenGLES"
      apiExtensions="GL_EXT_color_buffer_half_float" apiVersion="3.0">
      <!-- Use half-float textures, if supportet. -->
      <textures>
        <texture2d id="OUTPUTTEXTURE"/>
        <texture2d id="structureTensorTexture">
          <type>GL_HALF_FLOAT</type>
          <format>GL_RGBA</format>
          <internalformat>GL_RGBA16F</internalformat>
        </texture2d>
        <texture2d id="smoothStructureTensorTextureIntermediate">
          <type>GL_HALF_FLOAT</type>
          <format>GL_RGBA</format>
          <internalformat>GL_RGBA16F</internalformat>
        </texture2d>
        <texture2d id="smoothStructureTensorTexture">
          <type>GL_HALF_FLOAT</type>
          <format>GL_RGBA</format>
          <internalformat>GL_RGBA16F</internalformat>
        </texture2d>
        <texture2d id="tangentFlowMapTexture">
          <type>GL_HALF_FLOAT</type>
          <format>GL_RGBA</format>
          <internalformat>GL_RGBA16F</internalformat>
        </texture2d>
      </textures>
      <fragments>
        <fragment
          id="pencilhatching" source="default/pencilhatching/implementation/fragments/1/pencilhatching.fxfragment.xml">
          <fragmentinputs>
            <fragmentinput ref="input">INPUTTEXTURE</fragmentinput>
            <fragmentinput ref="structureTensorTexture">structureTensorTexture</fragmentinput>
            <fragmentinput ref="smoothStructureTensorTextureIntermediate">smoothStructureTensorTextureIntermediate</fragmentinput>
            <fragmentinput ref="smoothStructureTensorTexture">smoothStructureTensorTexture</fragmentinput>
            <fragmentinput ref="tangentFlowMapTexture">tangentFlowMapTexture</fragmentinput>
          </fragmentinputs>
          <fragmentoutputs>
            <fragmentoutput ref="output">OUTPUTTEXTURE</fragmentoutput>
          </fragmentoutputs>
        </fragment>
      </fragments>
      <controlflow>
        <control id="rendering">
          <control inFragment="pencilhatching" ref="rendering"/>
        </control>
      </controlflow>
    </target>
  </targets>
</effectimpl>
