<?xml version="1.0" encoding="UTF-8" standalone="yes"?>
<effectfragment icon="default/common/common/icon/1/void.png"
  name="Pencil Hatching Fragment" version="2" xmlns="http://www.digitalmasterpieces.com/schema/effectfragment">
  <requirements>
    <directory uri="default/common/common/icon/1"/>
    <directory uri="default/morphology/common/shader/1"/>
    <directory uri="default/pencilhatching/common/shader/1"/>
    <directory uri="default/pencilhatching/common/icon/1"/>
    <directory uri="default/pencilhatching/common/strings/1"/>
    <directory uri="default/common/common/shader/1"/>
    <directory uri="default/colorspace/common/shader/1"/>
    <directory uri="default/toon/common/shader/1"/>
    <directory uri="default/pencilhatching/common/texture/1"/>
  </requirements>
  <fragmentinputs>
    <texture id="input"/>
    <texture id="structureTensorTexture"/>
    <texture id="smoothStructureTensorTextureIntermediate"/>
    <texture id="smoothStructureTensorTexture"/>
    <texture id="tangentFlowMapTexture"/>
  </fragmentinputs>
  <fragmentoutputs>
    <texture id="output"/>
  </fragmentoutputs>
  <shaderprograms>
    <shaderprogram id="rgb2LabShaderProgram" type="GLSL" version="2">
      <!-- Color converting -->
      <vertexshader file="default/common/common/shader/1/GLSL_ES_100/void_position.vert"/>
      <fragmentshader file="default/colorspace/common/shader/1/GLSL_ES_100/rgb_to_lab.frag"/>
      <fragmentshader file="default/colorspace/common/shader/1/GLSL_ES_100/rgb_lab.glsl"/>
      <fragmentshader file="default/colorspace/common/shader/1/GLSL_ES_100/rgb_xyz.glsl"/>
      <fragmentshader file="default/colorspace/common/shader/1/GLSL_ES_100/xyz_lab.glsl"/>
    </shaderprogram>
    <shaderprogram id="lab2RgbShaderProgram" type="GLSL" version="2">
      <!-- Color converting -->
      <vertexshader file="default/common/common/shader/1/GLSL_ES_100/void_position.vert"/>
      <fragmentshader file="default/colorspace/common/shader/1/GLSL_ES_100/lab_to_rgb.frag"/>
      <fragmentshader file="default/colorspace/common/shader/1/GLSL_ES_100/lab_rgb.glsl"/>
      <fragmentshader file="default/colorspace/common/shader/1/GLSL_ES_100/xyz_rgb.glsl"/>
      <fragmentshader file="default/colorspace/common/shader/1/GLSL_ES_100/lab_xyz.glsl"/>
    </shaderprogram>
    <shaderprogram id="hatchTextureProgram" type="GLSL" version="2">
      <!--Creates strokes based on tonal art maps.
          Rotates the strokes according to flow field.
          Erodes the tonal art maps according to stroke thickness and paper structure.
          Applies the vignette for brightness, global contrast and global blending. -->
      <vertexshader file="default/common/common/shader/1/GLSL_ES_100/void_position.vert"/>
      <fragmentshader file="default/pencilhatching/common/shader/1/GLSL_ES_100/pencilhatching_texture_main.frag"/>
      <fragmentshader file="default/pencilhatching/common/shader/1/GLSL_ES_100/pencilhatching_texture_func.glsl"/>
      <fragmentshader file="default/morphology/common/shader/1/GLSL_ES_100/erode_separated_kernel_func.glsl"/>
      <fragmentshader file="default/common/common/shader/1/GLSL_COMMON/math/rotate_around_center.glsl"/>
    </shaderprogram>
    <shaderprogram id="mixColorTextureBackgroundProgram" type="GLSL" version="2">
      <!-- Colorizes strokes if necessary and blends it over the paper background. -->
      <vertexshader file="default/common/common/shader/1/GLSL_ES_100/void_position.vert"/>
      <fragmentshader file="default/pencilhatching/common/shader/1/GLSL_ES_100/mix_color_texture_background.frag"/>
    </shaderprogram>
    <shaderprogram id="colorQuantizationShaderProgram" type="GLSL" version="2">
      <!-- Applies color quantization to input texture. -->
      <vertexshader file="default/common/common/shader/1/GLSL_ES_100/void_position.vert"/>
      <fragmentshader file="default/toon/common/shader/1/GLSL_ES_100/color_quantization.frag"/>
    </shaderprogram>
    <shaderprogram id="unifyLuminanceShaderProgram" type="GLSL" version="2">
      <!-- Unifies the luminance of the color quantization output in LAB color space. -->
      <vertexshader file="default/common/common/shader/1/GLSL_ES_100/void_position.vert"/>
      <fragmentshader file="default/pencilhatching/common/shader/1/GLSL_ES_100/unify_luminance.frag"/>
    </shaderprogram>
    <shaderprogram id="structureTensorShaderProgram" type="GLSL" version="2">
      <!-- Precomputation for flow field. -->
      <vertexshader file="default/toon/common/shader/1/GLSL_ES_100/structure_tensor.vert"/>
      <fragmentshader file="default/toon/common/shader/1/GLSL_ES_100/structure_tensor.frag"/>
    </shaderprogram>
    <shaderprogram id="gauss2DSeparatedShaderProgram" type="GLSL" version="2">
      <!-- Used for smoothing structure tensor -->
      <vertexshader file="default/common/common/shader/1/GLSL_ES_100/void_position.vert"/>
      <fragmentshader file="default/pencilhatching/common/shader/1/GLSL_ES_100/gauss_2d_separated.frag"/>
    </shaderprogram>
    <shaderprogram id="tangentFlowMapShaderProgram" type="GLSL" version="2">
      <!-- Computes the flow field used for contours and stroke rotation. -->
      <vertexshader file="default/common/common/shader/1/GLSL_ES_100/void_position.vert"/>
      <fragmentshader file="default/toon/common/shader/1/GLSL_ES_100/tangent_flow_map.frag"/>
    </shaderprogram>
    <shaderprogram id="xDogPass0ShaderProgram" type="GLSL" version="2">
      <!-- Separated flow-based Difference-of-Gaussian filter for contours. -->
      <vertexshader file="default/common/common/shader/1/GLSL_ES_100/void_position.vert"/>
      <fragmentshader file="default/pencilhatching/common/shader/1/GLSL_ES_100/xdog_pass0.frag"/>
    </shaderprogram>
    <shaderprogram id="xDogPass1ShaderProgram" type="GLSL" version="2">
      <!-- Separated flow-based Difference-of-Gaussian filter for contours. -->
      <vertexshader file="default/common/common/shader/1/GLSL_ES_100/void_position.vert"/>
      <fragmentshader file="default/pencilhatching/common/shader/1/GLSL_ES_100/xdog_pass1.frag"/>
    </shaderprogram>
    <shaderprogram id="blendContoursShaderProgram" type="GLSL" version="2">
      <!-- Adds the contours to the tonal art maps. -->
      <vertexshader file="default/common/common/shader/1/GLSL_ES_100/void_position.vert"/>
      <fragmentshader file="default/pencilhatching/common/shader/1/GLSL_ES_100/blend_contours.frag"/>
    </shaderprogram>
    <shaderprogram id="applyEffectMaskShaderProgram" type="GLSL" version="2">
      <!-- Removes the contours on the other regions. -->
      <vertexshader file="default/common/common/shader/1/GLSL_ES_100/void_position.vert"/>
      <fragmentshader file="default/pencilhatching/common/shader/1/GLSL_ES_100/apply_effect_mask_linear.frag"/>
    </shaderprogram>
  </shaderprograms>
  <textures>
    <texture2d id="brightnessMaskTexture"/>
    <texture2d id="contrastMaskTexture"/>
    <texture2d id="angleAccuracyMaskTexture"/>
    <texture2d id="contourMaskTexture"/>
    <texture2d id="InputTextureLAB"/>
    <texture2d id="unifyLuminanceOutputRGB"/>
    <texture2d id="hatchingStrokesOutputLAB"/>
    <texture2d id="colorQuantizationOutputLAB"/>
    <texture2d id="unifyLuminanceOutputLAB"/>
    <texture2d id="tangentFlowMapMaskingTexture"/>
    <texture2d id="strokeWidthMaskingTexture"/>
    <texture2d id="xDoGPass0OutputLAB"/>
    <texture2d id="xDoGPass1OutputLAB"/>
    <texture2d id="mixColorTextureBackgroundOutputRGB"/>
    <texture2d id="blendContoursOutputRGB"/>
    <texture2d id="paperBackgroundTexture">
      <format>GL_RGB</format>
      <internalformat>GL_RGB</internalformat>
      <source>
        <uri>default/pencilhatching/common/texture/1/paper1.png</uri>
      </source>
    </texture2d>
    <texture2d id="paperBackgroundBumpTexture">
      <format>GL_LUMINANCE</format>
      <internalformat>GL_LUMINANCE</internalformat>
      <source>
        <uri>default/pencilhatching/common/texture/1/paper1_3d_2.png</uri>
      </source>
    </texture2d>
    <!-- TONAL ART MAPS -->
    <texture2d id="tam0_0">
      <source>
        <uri>default/pencilhatching/common/texture/1/tam0_0.png</uri>
      </source>
    </texture2d>
    <texture2d id="tam0_1">
      <source>
        <uri>default/pencilhatching/common/texture/1/tam0_1.png</uri>
      </source>
    </texture2d>
    <texture2d id="tam0_2">
      <source>
        <uri>default/pencilhatching/common/texture/1/tam0_2.png</uri>
      </source>
    </texture2d>
    <texture2d id="tam0_3">
      <source>
        <uri>default/pencilhatching/common/texture/1/tam0_3.png</uri>
      </source>
    </texture2d>
    <texture2d id="tam0_4">
      <source>
        <uri>default/pencilhatching/common/texture/1/tam0_4.png</uri>
      </source>
    </texture2d>
    <texture2d id="tam0_5">
      <source>
        <uri>default/pencilhatching/common/texture/1/tam0_5.png</uri>
      </source>
    </texture2d>
    <texture2d id="tam1_0">
      <source>
        <uri>default/pencilhatching/common/texture/1/tam4_0.png</uri>
      </source>
    </texture2d>
    <texture2d id="tam1_1">
      <source>
        <uri>default/pencilhatching/common/texture/1/tam4_1.png</uri>
      </source>
    </texture2d>
    <texture2d id="tam1_2">
      <source>
        <uri>default/pencilhatching/common/texture/1/tam4_2.png</uri>
      </source>
    </texture2d>
    <texture2d id="tam1_3">
      <source>
        <uri>default/pencilhatching/common/texture/1/tam4_3.png</uri>
      </source>
    </texture2d>
    <texture2d id="tam1_4">
      <source>
        <uri>default/pencilhatching/common/texture/1/tam4_4.png</uri>
      </source>
    </texture2d>
    <texture2d id="tam1_5">
      <source>
        <uri>default/pencilhatching/common/texture/1/tam4_5.png</uri>
      </source>
    </texture2d>
    <texture2d id="tam2_0">
      <source>
        <uri>default/pencilhatching/common/texture/1/tam2_0.png</uri>
      </source>
    </texture2d>
    <texture2d id="tam2_1">
      <source>
        <uri>default/pencilhatching/common/texture/1/tam2_1.png</uri>
      </source>
    </texture2d>
    <texture2d id="tam2_2">
      <source>
        <uri>default/pencilhatching/common/texture/1/tam2_2.png</uri>
      </source>
    </texture2d>
    <texture2d id="tam2_3">
      <source>
        <uri>default/pencilhatching/common/texture/1/tam2_3.png</uri>
      </source>
    </texture2d>
    <texture2d id="tam2_4">
      <source>
        <uri>default/pencilhatching/common/texture/1/tam2_4.png</uri>
      </source>
    </texture2d>
    <texture2d id="tam2_5">
      <source>
        <uri>default/pencilhatching/common/texture/1/tam2_5.png</uri>
      </source>
    </texture2d>
  </textures>
  <passes>
    <pass id="rgb2LabPass">
      <passattributes>
        <passattribute name="shaderprogram">
          <value>rgb2LabShaderProgram</value>
        </passattribute>
        <passattribute name="execute">
          <value>UPDATE</value>
        </passattribute>
      </passattributes>
      <passinputs>
        <passinput id="u_Texture" type="sampler">
          <value>input</value>
        </passinput>
      </passinputs>
      <passoutputs>
        <passoutput id="rgb2LabPassOutput0">
          <value>InputTextureLAB</value>
        </passoutput>
      </passoutputs>
    </pass>
    <pass id="hatchTexturingPass">
      <passattributes>
        <passattribute name="shaderprogram">
          <value>hatchTextureProgram</value>
        </passattribute>
        <passattribute name="execute">
          <value>UPDATE</value>
        </passattribute>
      </passattributes>
      <!--Creates strokes based on tonal art maps.
          Rotates the strokes according to flow field.
          Erodes the tonal art maps according to stroke thickness and paper structure.
          Applies the vignette for brightness, global contrast abd global blending.-->
      <passinputs>
        <passinput id="u_Texture" type="sampler">
          <!-- should be in LAB color space. -->
          <value>InputTextureLAB</value>
        </passinput>
        <passinput id="u_StrokeThickness" type="float">
          <value>0.0</value>
        </passinput>
        <passinput id="u_PaperStructure" type="sampler">
          <!-- should be gray scale picture. -->
          <value>paperBackgroundBumpTexture</value>
        </passinput>
        <passinput id="u_strokeWidthMaskingTexture" type="sampler">
          <value>strokeWidthMaskingTexture</value>
        </passinput>
        <passinputsemantic id="u_ImageSize" semantic="IMAGE_SIZE" type="vec2"/>
        <passinput id="u_ErodeKernelSize" type="int">
          <value>3</value>
        </passinput>
        <passinput id="u_TAM_0" type="sampler">
          <value>tam0_0</value>
        </passinput>
        <passinput id="u_TAM_1" type="sampler">
          <value>tam0_1</value>
        </passinput>
        <passinput id="u_TAM_2" type="sampler">
          <value>tam0_2</value>
        </passinput>
        <passinput id="u_TAM_3" type="sampler">
          <value>tam0_3</value>
        </passinput>
        <passinput id="u_TAM_4" type="sampler">
          <value>tam0_4</value>
        </passinput>
        <passinput id="u_TAM_5" type="sampler">
          <value>tam0_5</value>
        </passinput>
        <passinput id="u_TextureScale" type="float">
          <value>0.2</value>
        </passinput>
        <passinput id="u_Blend_0_1" type="float">
          <value>0.15</value>
        </passinput>
        <passinput id="u_Blend_1_2" type="float">
          <value>0.25</value>
        </passinput>
        <passinput id="u_Blend_2_3" type="float">
          <value>0.3</value>
        </passinput>
        <passinput id="u_Blend_3_4" type="float">
          <value>0.5</value>
        </passinput>
        <passinput id="u_Blend_4_5" type="float">
          <value>0.65</value>
        </passinput>
        <passinput id="u_Blend_5_6" type="float">
          <value>0.7</value>
        </passinput>
        <passinput id="u_ClipWhite" type="float">
          <value>0.8</value>
        </passinput>
        <passinput id="u_BlendContrast" type="float">
          <value>0.2</value>
        </passinput>
        <passinput id="u_Mask" type="sampler">
          <!-- should have an alpha channel. Brightness will be adjusted in the opaque parts. -->
          <value>brightnessMaskTexture</value>
        </passinput>
        <passinput id="u_ContrastMask" type="sampler">
          <!-- should have an alpha channel. Brightness will be adjusted in the opaque parts. -->
          <value>contrastMaskTexture</value>
        </passinput>
        <passinput id="u_AngleAccuracy" type="float">
          <value>0.1</value>
        </passinput>
        <passinput id="u_AngleAccuracyMask" type="sampler">
          <value>angleAccuracyMaskTexture</value>
        </passinput>
        <passinput id="u_AngleFactor" type="float">
          <value>3.14</value>
        </passinput>
        <passinput id="u_AngleOffset" type="float">
          <value>0.0</value>
        </passinput>
        <passinput id="u_DirectionMask" type="sampler">
          <value>tangentFlowMapMaskingTexture</value>
        </passinput>
      </passinputs>
      <passoutputs>
        <passoutput id="hatchTexturingPassOutput">
          <!-- is in LAB color space. -->
          <value>hatchingStrokesOutputLAB</value>
        </passoutput>
      </passoutputs>
    </pass>
    <pass id="colorQuantizationPass">
      <passattributes>
        <passattribute name="execute">
          <value>UPDATE</value>
        </passattribute>
        <passattribute name="outputScaleFactor">
          <value>0.25</value>
        </passattribute>
        <passattribute name="shaderprogram">
          <value>colorQuantizationShaderProgram</value>
        </passattribute>
      </passattributes>
      <passinputs>
        <passinput id="u_Texture" type="sampler">
          <!-- should be in LAB color space. -->
          <value>InputTextureLAB</value>
        </passinput>
        <passinput id="u_NumBins" type="float">
          <value>0.0</value>
        </passinput>
        <passinput id="u_PhiQ" type="float">
          <value>3.4</value>
        </passinput>
      </passinputs>
      <passoutputs>
        <passoutput id="colorQuantizationPassOutput0">
          <!-- is in LAB color space. -->
          <value>colorQuantizationOutputLAB</value>
        </passoutput>
      </passoutputs>
    </pass>
    <pass id="unifyLuminancePass">
      <passattributes>
        <passattribute name="outputScaleFactor">
          <value>0.25</value>
        </passattribute>
        <passattribute name="execute">
          <value>UPDATE</value>
        </passattribute>
        <passattribute name="shaderprogram">
          <value>unifyLuminanceShaderProgram</value>
        </passattribute>
      </passattributes>
      <!-- use only a and b of LAB-output from color quantization  -->
      <passinputs>
        <passinput id="u_Texture" type="sampler">
          <!-- should be in LAB color space. -->
          <value>colorQuantizationOutputLAB</value>
        </passinput>
        <passinput id="u_Luminance" type="float">
          <value>0.35</value>
        </passinput>
      </passinputs>
      <passoutputs>
        <passoutput id="unifyLuminancePassOutput0">
          <!-- is in LAB color space. -->
          <value>unifyLuminanceOutputLAB</value>
        </passoutput>
      </passoutputs>
    </pass>
    <pass id="lab2RgbPass">
      <passattributes>
        <passattribute name="outputScaleFactor">
          <value>0.25</value>
        </passattribute>
        <passattribute name="execute">
          <value>UPDATE</value>
        </passattribute>
        <passattribute name="shaderprogram">
          <value>lab2RgbShaderProgram</value>
        </passattribute>
      </passattributes>
      <passinputs>
        <passinput id="u_Texture" type="sampler">
          <!-- should be in LAB color space. -->
          <value>unifyLuminanceOutputLAB</value>
        </passinput>
      </passinputs>
      <passoutputs>
        <passoutput id="lab2RgbPassOutput0">
          <!-- is in RGB color space. -->
          <value>unifyLuminanceOutputRGB</value>
        </passoutput>
      </passoutputs>
    </pass>
    <pass id="mixColorTextureBackgroundPass">
      <passattributes>
        <passattribute name="execute">
          <value>UPDATE</value>
        </passattribute>
        <passattribute name="shaderprogram">
          <value>mixColorTextureBackgroundProgram</value>
        </passattribute>
      </passattributes>
      <!-- Colorizes strokes if necessary and blends it over the paper background. -->
      <passinputs>
        <passinput id="u_Luminance" type="sampler">
          <!-- should be in LAB color space. -->
          <value>hatchingStrokesOutputLAB</value>
        </passinput>
        <passinput id="u_Color" type="sampler">
          <!-- should be in RGB color space. -->
          <value>unifyLuminanceOutputRGB</value>
        </passinput>
        <passinput id="u_Background" type="sampler">
          <!-- should be in RGB color space. -->
          <value>paperBackgroundTexture</value>
        </passinput>
        <passinput id="u_Colorize" type="bool">
          <value>true</value>
        </passinput>
      </passinputs>
      <passoutputs>
        <passoutput id="mixColorTextureBackgroundPassOutput0">
          <!-- is in RGB color space. -->
          <value>mixColorTextureBackgroundOutputRGB</value>
        </passoutput>
      </passoutputs>
    </pass>
    <pass id="structureTensorPass">
      <passattributes>
        <passattribute name="shaderprogram">
          <value>structureTensorShaderProgram</value>
        </passattribute>
        <passattribute name="execute">
          <value>UPDATE</value>
        </passattribute>
      </passattributes>
      <passinputs>
        <passinputsemantic id="u_TextureSize" semantic="IMAGE_SIZE" type="vec2"/>
        <passinput id="u_Texture" type="sampler">
          <!-- should be in LAB color space. -->
          <value>InputTextureLAB</value>
        </passinput>
      </passinputs>
      <passoutputs>
        <passoutput id="structureTensorOutput0">
          <!-- is GL_HALF_FLOAT_OES. -->
          <value>structureTensorTexture</value>
        </passoutput>
      </passoutputs>
    </pass>
    <pass id="smoothStructureTensorPass0">
      <passattributes>
        <passattribute name="execute">
          <value>UPDATE</value>
        </passattribute>
        <passattribute name="shaderprogram">
          <value>gauss2DSeparatedShaderProgram</value>
        </passattribute>
      </passattributes>
      <passinputs>
        <passinputsemantic id="u_TextureSize" semantic="IMAGE_SIZE" type="vec2"/>
        <passinput id="u_Texture" type="sampler">
          <!-- should be GL_HALF_FLOAT_OES.  -->
          <value>structureTensorTexture</value>
        </passinput>
        <passinput cached="false" id="u_Direction" type="vec2">
          <value>1.0 0.0</value>
        </passinput>
        <passinput id="u_Sigma" type="float">
          <value>2.0</value>
        </passinput>
      </passinputs>
      <passoutputs>
        <passoutput id="smoothStructureTensorPass0Output0">
          <!-- is GL_HALF_FLOAT_OES.  -->
          <value>smoothStructureTensorTextureIntermediate</value>
        </passoutput>
      </passoutputs>
    </pass>
    <pass id="smoothStructureTensorPass1">
      <passattributes>
        <passattribute name="execute">
          <value>UPDATE</value>
        </passattribute>
        <passattribute name="shaderprogram">
          <value>gauss2DSeparatedShaderProgram</value>
        </passattribute>
      </passattributes>
      <passinputs>
        <passinputsemantic id="u_TextureSize" semantic="IMAGE_SIZE" type="vec2"/>
        <passinput id="u_Texture" type="sampler">
          <!-- should be GL_HALF_FLOAT_OES.  -->
          <value>smoothStructureTensorTextureIntermediate</value>
        </passinput>
        <passinput cached="false" id="u_Direction" type="vec2">
          <value>0.0 1.0</value>
        </passinput>
        <passinput id="u_Sigma" type="float">
          <value>2.0</value>
        </passinput>
      </passinputs>
      <passoutputs>
        <passoutput id="smoothStructureTensorPass1Output0">
          <!-- is GL_HALF_FLOAT_OES.  -->
          <value>smoothStructureTensorTexture</value>
        </passoutput>
      </passoutputs>
    </pass>
    <pass id="tangentFlowMapPass">
      <passattributes>
        <passattribute name="shaderprogram">
          <value>tangentFlowMapShaderProgram</value>
        </passattribute>
        <passattribute name="execute">
          <value>UPDATE</value>
        </passattribute>
      </passattributes>
      <passinputs>
        <passinput id="u_Texture" type="sampler">
          <!-- should be GL_HALF_FLOAT_OES.  -->
          <value>smoothStructureTensorTexture</value>
        </passinput>
      </passinputs>
      <passoutputs>
        <passoutput id="tangentFlowMapPassOutput0">
          <!-- is GL_HALF_FLOAT_OES.  -->
          <value>tangentFlowMapTexture</value>
        </passoutput>
      </passoutputs>
    </pass>
    <pass id="xDoGPassPass0">
      <passattributes>
        <passattribute name="shaderprogram">
          <value>xDogPass0ShaderProgram</value>
        </passattribute>
        <passattribute name="execute">
          <value>UPDATE</value>
        </passattribute>
      </passattributes>
      <passinputs>
        <passinputsemantic id="u_TextureSize" semantic="IMAGE_SIZE" type="vec2"/>
        <passinput id="u_Texture" type="sampler">
          <!-- should be in RGB color space. -->
          <value>input</value>
        </passinput>
        <passinput id="u_Tfm" type="sampler">
          <!-- should be GL_HALF_FLOAT_OES.  -->
          <value>tangentFlowMapTexture</value>
        </passinput>
        <passinput id="u_strokeWidthMaskingTexture" type="sampler">
          <value>strokeWidthMaskingTexture</value>
        </passinput>
        <passinput id="u_Epsilon" type="float">
          <value>0.0</value>
        </passinput>
        <passinput id="u_Phi" type="float">
          <value>1.0</value>
        </passinput>
        <passinput id="u_WideKernelWeight" type="float">
          <value>0.99</value>
        </passinput>
        <passinput id="u_SigmaWide" type="float">
          <value>1.7</value>
        </passinput>
        <passinput id="u_SigmaNarrow" type="float">
          <value>1.0</value>
        </passinput>
        <passinput id="u_PaperStructure" type="sampler">
          <!-- should be gray scale texture. -->
          <value>paperBackgroundBumpTexture</value>
        </passinput>
        <passinput id="u_PaperStructureInfluence" type="float">
          <value>5.0</value>
        </passinput>
      </passinputs>
      <passoutputs>
        <passoutput id="xDoGPassPass0Output0">
          <!-- is in LAB color space. -->
          <value>xDoGPass0OutputLAB</value>
        </passoutput>
      </passoutputs>
    </pass>
    <pass id="xDoGPassPass1">
      <passattributes>
        <passattribute name="shaderprogram">
          <value>xDogPass1ShaderProgram</value>
        </passattribute>
        <passattribute name="execute">
          <value>UPDATE</value>
        </passattribute>
      </passattributes>
      <passinputs>
        <passinputsemantic id="u_TextureSize" semantic="IMAGE_SIZE" type="vec2"/>
        <passinput id="u_Texture" type="sampler">
          <!-- should be in LAB color space. -->
          <value>xDoGPass0OutputLAB</value>
        </passinput>
        <passinput id="u_Tfm" type="sampler">
          <!-- should be GL_HALF_FLOAT_OES.  -->
          <value>tangentFlowMapTexture</value>
        </passinput>
        <passinput id="u_SigmaEdge" type="float">
          <value>3.0</value>
        </passinput>
      </passinputs>
      <passoutputs>
        <passoutput id="xDoGPassPass1Output0">
          <!-- is in LAB color space. -->
          <value>xDoGPass1OutputLAB</value>
        </passoutput>
      </passoutputs>
    </pass>
    <pass id="blendContoursPass">
      <passattributes>
        <passattribute name="shaderprogram">
          <value>blendContoursShaderProgram</value>
        </passattribute>
        <passattribute name="execute">
          <value>UPDATE</value>
        </passattribute>
      </passattributes>
      <passinputs>
        <passinput id="u_Texture" type="sampler">
          <!-- should be in RGB color space. -->
          <value>mixColorTextureBackgroundOutputRGB</value>
        </passinput>
        <passinput id="u_Contours" type="sampler">
          <!-- should be in LAB color space. -->
          <value>xDoGPass1OutputLAB</value>
        </passinput>
        <passinput id="u_ContourBrightness" type="float">
          <value>0.2</value>
        </passinput>
      </passinputs>
      <passoutputs>
        <passoutput id="blendContoursPassOutput0">
          <!-- is in RGB color space. -->
          <value>blendContoursOutputRGB</value>
        </passoutput>
      </passoutputs>
    </pass>
    <pass id="applyEffectMaskPass">
      <passattributes>
        <passattribute name="shaderprogram">
          <value>applyEffectMaskShaderProgram</value>
        </passattribute>
        <passattribute name="execute">
          <value>UPDATE</value>
        </passattribute>
      </passattributes>
      <!-- Removes the contours on the other regions. -->
      <passinputs>
        <passinput id="u_OpaqueTexture" type="sampler">
          <!-- should be in RGB color space. -->
          <value>mixColorTextureBackgroundOutputRGB</value>
        </passinput>
        <passinput id="u_TransparentTexture" type="sampler">
          <!-- should be in RGB color space. -->
          <value>blendContoursOutputRGB</value>
        </passinput>
        <passinput id="u_Mask" type="sampler">
          <!-- should have an alpha channel. Contours will be decrease in the opaque parts. -->
          <value>contourMaskTexture</value>
        </passinput>
        <passinput id="u_ContourMaskInfluence" type="float">
          <value>1.0</value>
        </passinput>
      </passinputs>
      <passoutputs>
        <passoutput id="applyEffectMaskPassPassOutput0">
          <!-- is in RGB color space. -->
          <value>output</value>
        </passoutput>
      </passoutputs>
    </pass>
  </passes>
  <controlflow>
    <control id="rendering">
      <sequence>
        <pass ref="rgb2LabPass"/>
        <pass ref="hatchTexturingPass"/>
        <pass ref="colorQuantizationPass"/>
        <pass ref="unifyLuminancePass"/>
        <pass ref="lab2RgbPass"/>
        <pass ref="mixColorTextureBackgroundPass"/>
        <pass ref="structureTensorPass"/>
        <pass ref="smoothStructureTensorPass0"/>
        <pass ref="smoothStructureTensorPass1"/>
        <pass ref="tangentFlowMapPass"/>
        <pass ref="xDoGPassPass0"/>
        <pass ref="xDoGPassPass1"/>
        <pass ref="blendContoursPass"/>
        <pass ref="applyEffectMaskPass"/>
      </sequence>
    </control>
  </controlflow>
  <brushes>
    <paintingbrush
      description="default/pencilhatching/common/strings/1/@locale/strings.res.xml:brush_default" id="default">
      <frompreset>DefaultPaintingBrush</frompreset>
    </paintingbrush>
    <paintingbrush
      description="default/pencilhatching/common/strings/1/@locale/strings.res.xml:brush_strong" id="strong">
      <frompreset>StrongPaintingBrush</frompreset>
    </paintingbrush>
    <paintingbrush
      description="default/pencilhatching/common/strings/1/@locale/strings.res.xml:brush_large" id="large">
      <frompreset>LargePaintingBrush</frompreset>
    </paintingbrush>
    <paintingbrush
      description="default/pencilhatching/common/strings/1/@locale/strings.res.xml:brush_sharp" id="sharp">
      <frompreset>SharpPaintingBrush</frompreset>
    </paintingbrush>
    <paintingbrush
      description="default/pencilhatching/common/strings/1/@locale/strings.res.xml:brush_sharpLarge" id="sharpLarge">
      <frompreset>SharpPaintingBrush</frompreset>
      <mainstrokewidth>300</mainstrokewidth>
    </paintingbrush>
    <directionbrush
      description="default/pencilhatching/common/strings/1/@locale/strings.res.xml:brush_smallDirection" id="smallDirection">
      <frompreset>SmallDirectionBrush</frompreset>
    </directionbrush>
    <directionbrush
      description="default/pencilhatching/common/strings/1/@locale/strings.res.xml:brush_normalDirection" id="normalDirection">
      <frompreset>DefaultDirectionBrush</frompreset>
    </directionbrush>
    <directionbrush
      description="default/pencilhatching/common/strings/1/@locale/strings.res.xml:brush_largeDirection" id="largeDirection">
      <frompreset>LargeDirectionBrush</frompreset>
    </directionbrush>
  </brushes>
  <parameters>
    <valueparameter id="strokeGranularity">
      <!-- The granularity of strokes produced by tonal art maps. -->
      <setpassinput pass="hatchTexturingPass" passinput="u_TextureScale"/>
    </valueparameter>
    <valueparameter id="colorize">
      <!-- The boolean flag indicating whether the picture should be black and white (false) or have colorful strokes (true). -->
      <setpassinput pass="mixColorTextureBackgroundPass" passinput="u_Colorize"/>
    </valueparameter>
    <valueparameter  id="luminanceOfColorizedStrokes">
      <!-- The luminance of tonal art maps if colorize = true. -->
      <default>0.35</default>
      <minrange>0.0</minrange>
      <maxrange>1.0</maxrange>
      <step>0.01</step>
      <setpassinput pass="unifyLuminancePass" passinput="u_Luminance"/>
    </valueparameter>
    <valueparameter id="contourBrightness">
      <!-- The luminance of contours. -->
      <setpassinput pass="blendContoursPass" passinput="u_ContourBrightness"/>
    </valueparameter>
    <paintingvalueparameter id="strokeWidth">
      <!-- The thickness of strokes in the tonal art maps and the contours. -->
      <mask>strokeWidthMaskingTexture</mask>
      <maskbackgroundcolor>#FF7F7F00</maskbackgroundcolor>
      <expressionset pass="xDoGPassPass0" passinput="u_SigmaWide">
        <expression>
          strokeWidth / 3.0 + 0.4
        </expression>
      </expressionset>
      <expressionset pass="hatchTexturingPass" passinput="u_StrokeThickness">
        <expression>
          strokeWidth - 1.0
        </expression>
      </expressionset>
      <expressionset pass="xDoGPassPass0" passinput="u_SigmaNarrow">
        <expression>
          strokeWidth / 2.0
        </expression>
      </expressionset>
    </paintingvalueparameter>
    <valueparameter  id="details">
      <!-- The degree of acuteness of the contours. Higher values result in many fine contours. -->
      <expressionset pass="xDoGPassPass0" passinput="u_Phi">
        <expression>
          0.75 * ((3.0 - details) * (3.0 - details)) + 0.15
        </expression>
      </expressionset>
      <expressionset pass="xDoGPassPass1" passinput="u_SigmaEdge">
        <expression>
          1.2 * (3.0 - details) + 1.42
        </expression>
      </expressionset>
    </valueparameter>
    <paintingvalueparameter id="contour">
      <mask>contourMaskTexture</mask>
      <expressionset pass="xDoGPassPass0" passinput="u_WideKernelWeight">
        <filterexpressionvariable name="epsilon"
          pass="xDoGPassPass0" passinput="u_Epsilon"/>
        <expression>
          ((pow(10.0, contour) - 1.0) / pow(10.0, contour)) - (epsilon * 0.015)
        </expression>
      </expressionset>
    </paintingvalueparameter>
    <paintingvalueparameter id="angleAccuracy">
      <mask>angleAccuracyMaskTexture</mask>
      <setpassinput pass="hatchTexturingPass" passinput="u_AngleAccuracy"/>
    </paintingvalueparameter>
    <valueparameter id="angleFactor">
      <!-- Regulates the fuzziness of stroke rotation. Higher values result in fidgety strokes. -->
      <setpassinput pass="hatchTexturingPass" passinput="u_AngleFactor"/>
    </valueparameter>
    <directionvalueparameter id="angleOffset">
      <!-- Regulates a global rotation of the tonal art maps. -->
      <mask>tangentFlowMapMaskingTexture</mask>
      <maskbackgroundcolor>#FF7F7F00</maskbackgroundcolor>
      <setpassinput pass="hatchTexturingPass" passinput="u_AngleOffset"/>
    </directionvalueparameter>
    <valueparameter id="TAMTexture0">
      <setpassinput pass="hatchTexturingPass" passinput="u_TAM_0"/>
    </valueparameter>
    <valueparameter id="TAMTexture1">
      <setpassinput pass="hatchTexturingPass" passinput="u_TAM_1"/>
    </valueparameter>
    <valueparameter id="TAMTexture2">
      <setpassinput pass="hatchTexturingPass" passinput="u_TAM_2"/>
    </valueparameter>
    <valueparameter id="TAMTexture3">
      <setpassinput pass="hatchTexturingPass" passinput="u_TAM_3"/>
    </valueparameter>
    <valueparameter id="TAMTexture4">
      <setpassinput pass="hatchTexturingPass" passinput="u_TAM_4"/>
    </valueparameter>
    <valueparameter id="TAMTexture5">
      <setpassinput pass="hatchTexturingPass" passinput="u_TAM_5"/>
    </valueparameter>
    <paintingvalueparameter id="brightness">
      <mask>brightnessMaskTexture</mask>
      <maskbackgroundcolor>#FF7F7F7F</maskbackgroundcolor>
      <expressionset pass="hatchTexturingPass" passinput="u_Blend_0_1">
        <expression>
          0.25 - brightness
        </expression>
      </expressionset>
      <expressionset pass="hatchTexturingPass" passinput="u_Blend_1_2">
        <expression>
          0.35 - brightness
        </expression>
      </expressionset>
      <expressionset pass="hatchTexturingPass" passinput="u_Blend_2_3">
        <expression>
          0.4 - brightness
        </expression>
      </expressionset>
      <expressionset pass="hatchTexturingPass" passinput="u_Blend_3_4">
        <expression>
          0.6 - brightness
        </expression>
      </expressionset>
      <expressionset pass="hatchTexturingPass" passinput="u_Blend_4_5">
        <expression>
          0.75 - brightness
        </expression>
      </expressionset>
      <expressionset pass="hatchTexturingPass" passinput="u_Blend_5_6">
        <expression>
          0.8 - brightness
        </expression>
      </expressionset>
      <expressionset pass="hatchTexturingPass" passinput="u_ClipWhite">
        <expression>
          0.9 - brightness
        </expression>
      </expressionset>
    </paintingvalueparameter>
    <paintingvalueparameter id="contrast">
      <!-- The contrast for thresholds of tonal art maps. -->
      <mask>contrastMaskTexture</mask>
      <maskbackgroundcolor>#FF7F7F7F</maskbackgroundcolor>
      <setpassinput pass="hatchTexturingPass" passinput="u_BlendContrast"/>
    </paintingvalueparameter>
    <valueparameter id="contourMaskInfluence">
      <!-- The influence of the vignette mask to contours. Higher values result in less contours in the outer parts. -->
      <setpassinput pass="applyEffectMaskPass" passinput="u_ContourMaskInfluence"/>
    </valueparameter>
    <valueparameter id="QUALITY">
      <setoutputresolution pass="rgb2LabPass"/>
      <setoutputresolution pass="colorQuantizationPass"/>
      <setoutputresolution pass="unifyLuminancePass"/>
      <setoutputresolution pass="lab2RgbPass"/>
      <setoutputresolution pass="structureTensorPass"/>
      <setoutputresolution pass="smoothStructureTensorPass0"/>
      <setoutputresolution pass="smoothStructureTensorPass1"/>
      <setoutputresolution pass="tangentFlowMapPass"/>
    </valueparameter>
  </parameters>
</effectfragment>
